Date,Sydney,London,Melbourne,Singapore,Stockholm,Paris,Dublin,Manchester,Sao Paulo
"Nov 23, 2023",0,0,0,0,,0,0,0,0
"Nov 24, 2023",0.09897872912443798,0.43745370767528846,0.3104031412899977,-0.07508914326098362,,0.290402834850502,-0.039758535186303644,-1.5656003017517388,1.115275191753315
"Nov 26, 2023",-0.5348671852614376,-0.2507985688838202,-0.3743722183659304,-0.8949126770818833,,-0.7557319430507791,-1.281985134556844,,2.982956993262067
"Nov 27, 2023",-0.8457410492877281,-0.5141006210810971,-0.7596327902767003,-1.2220389981689492,,-1.0104649507918522,-1.870016904964961,,3.774342023743192
"Nov 28, 2023",-1.1128208937800466,-1.0273602006837108,-0.9858213221183292,-1.5586685798113267,,-1.169177666364614,-2.4927994561275186,,4.483831340783819
"Dec 4, 2023",-0.6095080424639265,-1.8746814555400244,-0.5893321356144434,-0.7747165083682233,,1.2940220612476152,-2.7445529289293424,,9.421781797980179
"Dec 6, 2023",-0.5715862420274013,-1.7646171607224659,-0.6852857512283423,-0.660811230444699,,1.6509004829838712,-2.8967583136311075,,9.817638432886955
"Dec 7, 2023",-0.49135616423818573,-1.785418919956961,-0.5944360513385869,-0.5841159023011275,,2.0009331803253882,-2.996609901999763,,10.14243125232332
"Dec 11, 2023",-0.30882212482356813,0.06184458338449669,-0.388237856083187,-0.46753364957329024,,3.1034551091622813,-3.4703738212808317,,11.206008749219405
"Dec 13, 2023",-0.39952314750943624,-0.18749618026995188,-0.5981789228696256,-0.5162545910117894,,2.518145673412107,-3.8500526572966014,,11.377513800412432
"Dec 14, 2023",-0.9667229126206723,-0.2870194218905155,-0.8896975759802922,-0.5436935827559991,,2.368440489937686,-4.047934832422326,,11.573390622038152
"Dec 15, 2023",-0.8989447693031515,-0.22724940748627842,-0.9764641432907327,-0.17855421944768657,,2.512561003511136,-4.235497998415728,,11.609332828938893
"Dec 18, 2023",-0.7376356181925592,-0.896438077199758,-0.8902079675527065,0.2567218837336303,,3.393857944012783,-4.756607959598044,,10.237292419394677
"Dec 21, 2023",-0.22668180708699018,-0.9842428075534495,-1.4945115892913041,0.21107946332009123,,5.198607075236312,-4.766775218596068,,8.349998317773421
"Dec 23, 2023",0.630803680395632,-2.263859382350352,-1.5224980605120249,0.2947349259548769,,6.209972779237999,-4.544613021982524,,6.961710061274077
"Dec 28, 2023",4.34544213211078,-7.198249736613843,1.3983027778911983,0.28081465697244856,,7.961397320439352,-3.196464828871374,,2.228170648346535
"Dec 29, 2023",4.408055552607655,-8.181483294393113,1.2857614361738325,-0.1880574800029982,,7.765393421979459,-3.4890390877995925,,1.4216045487406688
"Jan 2, 2024",4.502011058166806,-10.031269922170022,1.160034978835763,-1.6217113364529012,,9.041400419030394,-4.58012255340846,,-1.4161065399225192
"Jan 5, 2024",4.257854093042835,-12.309819495677887,0.7941692866767384,-2.3463684159804687,,9.051308704338567,-4.782557232563152,,-3.1683301562501285
"Jan 9, 2024",3.961413153063282,-16.220718440058693,0.31882460223483455,-2.643378770519012,,8.886831168222868,-5.140232299105585,,-4.628831065883379
"Feb 7, 2024",-2.980115817140512,-8.853923991156728,-3.7753664611489937,-3.201394168478086,,20.487811908317735,-7.935166272622151,,-7.490995984812367
"Feb 8, 2024",-2.883896323495598,-8.630543374471475,-2.940876240251521,-3.005975007763227,,21.388204816867866,-7.8445714424457265,,-7.346652738377661
"Feb 9, 2024",-2.7847053454881197,-8.875230375278315,-2.376553291685381,-2.7422929895383823,,22.139793295153407,-7.745933855151462,,-7.278296897399771
"Feb 10, 2024",-2.6713644419446245,-9.374809013497593,-1.8770500728158643,-2.6722900984055937,,22.79139816714737,-7.551541933114611,,-7.174327088853567
"Feb 11, 2024",-2.4637142847035767,-9.810244221624522,-1.2168585738978945,-2.753803981196929,,23.50785727024938,-7.285372197554395,,-7.002493798328113
"Feb 12, 2024",-2.1899132255816505,-9.786470782499384,-0.6944727995318009,-2.794226300742057,,23.67539736727852,-7.240302407667631,,-7.196647363458593
"Feb 13, 2024",-2.0211753635646494,-9.897880743682517,-0.28097056061410314,-2.90478536016019,,23.775561124212068,-7.292504453866441,,-7.459485008899389
"Feb 14, 2024",-1.650942561914768,-9.611197738383396,0.26472309555891277,-2.8151067042156996,,24.228639988758598,-6.992039187954681,,-7.646745548048904
"Feb 15, 2024",-1.2455471953078847,-9.637045746488793,1.110186735263294,-2.7863292250693337,,24.81575093092844,-6.625259113354315,,-7.849679515321801
"Feb 16, 2024",-0.8456702996600481,-9.147054981124224,2.642467300913261,-2.661983745408988,,25.03805682311549,-6.280331058092986,,-7.838847617351716
"Feb 17, 2024",0.08886153236618592,-8.700405886617517,5.905655819144448,-2.4604075426442087,,24.751257001104324,-5.9091502295979526,,-7.708044243379618
"Feb 18, 2024",1.1516624393764128,-8.423927517923996,8.912542702761558,-2.2273768859287495,,24.346458508604897,-5.726898318305012,,-7.776728323689936
"Feb 19, 2024",2.0031342085062276,-7.931862183579169,11.051423652225987,-2.043870263093084,,24.72441455545127,-5.430378555885022,,-7.911224390151836
"Feb 20, 2024",2.7441658088274314,-7.511846069224442,12.146809031889266,-1.7388289841416011,,25.301437061670967,-5.335382971813931,,-7.666768147326943
"Feb 27, 2024",12.80044713764694,-6.818491474362533,16.358475222190464,,,,,,
"Feb 28, 2024",14.023495951352555,-6.643218430246543,17.105943679991288,1.5636209831993062,,28.759788935507874,-4.6215503400720515,-10.679906316611259,-6.623377369375107
"Feb 29, 2024",14.023495951352555,-6.643218430246543,17.105943679991288,1.5636209831993062,,28.759788935507874,-4.6215503400720515,-10.679906316611259,-6.623377369375107
"Mar 2, 2024",15.143816305666691,-7.724461354985106,17.965783348985344,4.190804056152223,,29.256103954126438,-4.594387066032554,-11.25446268015193,-6.700595672328522
"Mar 3, 2024",15.636728961713839,-7.960009038392422,18.282226123882243,7.241082996926833,,29.43661489737719,-4.527010006403856,-11.537618091069376,-6.832465824131006
"Mar 4, 2024",15.931896408395152,-8.116779169981772,18.506032828385937,10.317060895822848,,29.657299433786534,-4.479056963965413,-11.855510039385619,-6.869228629362814
"Mar 5, 2024",16.1725866417628,-8.424824628834378,18.729669402365495,13.055338423154762,,29.471744272560713,-4.776942477594092,-12.48848694309699,-6.873988099683002
"Mar 6, 2024",16.3931839808693,-8.991181960445259,18.841785417772517,15.13052929145831,,29.16224546966173,-4.665254378750125,-11.974982675590566,-6.904104058433166
"Mar 7, 2024",16.505534389625275,-9.616916820437083,18.71104010997237,16.925039351529623,,28.835812506417867,-4.660246624318262,-12.241471566038895,-7.002822037660541
"Mar 8, 2024",16.6098900904534,-9.583219091865839,18.55936874770324,18.969578858323786,,28.48614011036028,-4.549924276682985,-11.188849220620872,-7.070357280307363
"Mar 9, 2024",16.78450017156785,-9.181537681742055,18.470135287792793,21.256116887427858,,28.37552761619266,-4.45796369529787,-10.638152296909677,-7.104494170879755
"Mar 10, 2024",16.91842921676625,-8.731131935298118,18.098400092551007,23.563936866226214,,28.37949093031593,-4.530652009627029,-10.059210006929764,-7.210023116254987
"Mar 11, 2024",16.97998139284792,-8.762250470002012,17.761201393709253,24.932004839970446,,28.73402739370662,-4.538391266476271,-9.446057490723765,-7.265659683101336
"Mar 12, 2024",17.00361176849307,-9.067772804419167,17.441185877805452,25.965049416954887,,29.094688978924175,-4.622309090743546,-8.69395882492259,-6.990513062694532
"Mar 13, 2024",16.88701638207629,-9.707973577840912,17.049460345977437,26.60364175652379,,29.22619894755995,-4.741281196033858,-8.132735677757212,-6.72931661391587
"Mar 15, 2024",16.424243067420857,-10.21949500505466,15.868244116886476,27.4415348702738,,29.060820658234416,-5.396993526339271,-8.56571433583916,-6.521130817324143
"Mar 16, 2024",15.948027323506208,-10.150866020410394,14.076684632450014,27.689556585893417,,28.89616297147675,-5.647532998066703,-9.525881351917965,-6.532290954626656
"Mar 17, 2024",15.390095759621063,-10.154342325188127,11.742578906537094,27.895549797085312,,28.81689668901135,-5.77409261007196,-10.211840247015378,-6.554857408731002
"Mar 18, 2024",14.828414465468875,-10.220672463124536,9.457130510527676,28.102613798198934,,28.335714324317994,-6.041476346706567,-11.404812238489136,-6.666048482590596
"Mar 19, 2024",14.37745633863602,-10.290871391861971,7.990605392457092,28.251185899838312,,27.869484462907884,-5.916737736312896,-12.692871115165657,-6.841984764771386
"Mar 26, 2024",5.269078521474281,-8.067886625365924,2.569736501844215,29.171931383781818,,23.59288837325772,-5.700342044802709,,-7.26582380276755
"Mar 27, 2024",5.269078521474281,-8.067886625365924,2.569736501844215,29.171931383781818,,23.59288837325772,-5.700342044802709,,-7.26582380276755
"Mar 28, 2024",4.571557942176329,-7.652075718403614,2.196044805574837,29.062309265545196,,22.787254702382132,-5.5809146891095,,-7.194103508632284
"Mar 29, 2024",4.388953153134032,-6.598979648478304,2.093115838471275,28.835435650879653,,22.556121428738713,-5.383184264118074,,-6.902298742104818
"Mar 30, 2024",4.296341890500801,-5.988551743394881,2.0272753256298235,28.355855614686952,,22.361919036698488,-5.055859224435413,,-6.993795456018802
"Mar 31, 2024",3.318157538195955,-6.420006021856986,1.1578232820219672,26.744316782490447,,21.069698481870542,-5.128092288361675,,-7.598330246515944
"Apr 1, 2024",3.290282184890002,-6.6268461561320615,0.9824187116355668,24.934547966034543,,20.038155905968573,-5.222177371626974,,-7.49813519029265
"Apr 2, 2024",3.299550386116093,-6.887288667302494,0.8171369074353844,23.094529334289906,,18.9621161215008,-5.1255125360785945,,-7.57724086940752
"Apr 3, 2024",2.9317938214350145,-7.327882263164122,0.3861112245314605,21.519665056912483,,17.87004292989798,-5.2293096279390205,,-7.78559078566546
"Apr 4, 2024",2.628560917198173,-7.883137847259018,-0.032920256420725984,20.19857799098395,,16.791300885800705,-5.275289918631578,,-7.9493001527133496
"Apr 5, 2024",2.2995751484857814,-7.826059165585929,-0.3750527404624828,18.537648973647862,,16.44631240643426,-5.419604296349802,,-8.119820485909097
"Apr 7, 2024",1.474846738619038,-8.675847475445794,-1.2884835245600423,14.13563160543533,,15.3425294231036,-5.85861743487643,,-8.514938582317912
"Apr 8, 2024",1.0582729308387016,-8.437272042715936,-1.7422216324364053,12.320508839370804,,14.62354821101405,-6.078806879744088,,-8.671262564386197
"Apr 9, 2024",0.7050907894597205,-7.700239360404776,-2.2474242238645488,10.858077503774535,,14.056433990102523,-6.273047051646641,,-9.012221170944583
"Apr 10, 2024",0.4455811551291712,-7.024378428295326,-2.4353333877751013,9.845511784043088,,13.415638156626573,-6.346342366512994,,-9.283839218527797
"Apr 11, 2024",0.23312002320587788,-6.447255765759856,-2.6305581642235922,8.950599106961207,,12.673417511723303,-6.465921472340503,,-9.512211734063774
"Apr 12, 2024",0.05263772299398275,-6.601446703481856,-2.7631749077892556,8.195424514664468,,11.651062618561642,-6.549839296607778,,-9.691102170236405
"Apr 13, 2024",-0.0993324772628384,-6.890204277761238,-2.9217365562859827,7.490041653727955,,10.750129258085611,-6.6935466737888065,,-9.885748094365526
"Apr 14, 2024",-0.25851913954302813,-6.278486775744139,-3.2129149483483728,7.003099936823394,,10.603306484882658,-6.575333319169988,,-10.031732537462364
"Apr 15, 2024",-0.3920236869753473,-5.996513602724526,-3.449651572686565,6.526732270395871,,10.778232758232434,-6.506287008064001,,-10.19979107566491
"Apr 16, 2024",-0.42336577203762465,-5.780702359345625,-3.5646598070039337,6.111131932026256,,10.872991995906977,-6.647111132693352,,-10.27266020746367
"Apr 17, 2024",-0.42336577203762465,-5.780702359345625,-3.5646598070039337,6.111131932026256,,10.872991995906977,-6.647111132693352,,-10.27266020746367
"Apr 18, 2024",-0.7702511965530782,-5.901251637928279,-3.991006900494059,5.139390078060585,,10.453601301408238,-6.771546242818424,,-10.605494890544492
"Apr 19, 2024",-0.9204526561178973,-6.372571282470509,-4.251731928735726,4.634780327447558,,10.425137499977481,-6.76274473502909,,-10.950802668257534
"Apr 20, 2024",1.7152539734759646,-3.427187955388917,-1.2496937650565514,6.390608101596548,,13.701357074785935,-3.175371560203831,,-9.147619895570656
"Apr 21, 2024",2.8796513458347923,-2.447823188410673,0.2075592394485049,7.166395399886497,,15.66680057864386,-1.0918422162803614,,-7.953649323868005
"Apr 22, 2024",3.7481030256078274,-0.9929896389296793,1.172879833408191,7.626299671267494,,16.814540318614426,0.3499358096931916,,-7.2480988788165
"Apr 23, 2024",4.576015168720175,0.07877755181796722,1.9650075537952716,8.113776783132916,,17.899587635180538,1.2719696256931188,,-6.650457114300321
"Apr 24, 2024",5.278205223445012,1.1997176343409572,2.679215494127094,8.419621154525693,,18.738008722894083,2.2994697850307597,,-6.078582137379649
"Apr 25, 2024",5.985277002479775,2.9653440448376034,3.317970547003661,8.81139641713692,,19.6254307852226,3.348670213573139,,-5.462641030080673
"Apr 26, 2024",6.511512733164242,3.490434274570887,3.8815279082111798,9.175598839263726,,20.06535865290556,4.000133540118183,,-5.034945179928493
"Apr 27, 2024",6.834060285757746,4.356931275136628,4.302600955453024,9.565232522031502,,20.40097929888973,4.883774572140497,,-4.225999345162531
"Apr 28, 2024",7.631974586733738,5.609746661485851,5.130796346957386,10.112540020773325,,21.654287315052848,5.780162615443914,,-3.1301723338555076
"Apr 29, 2024",7.627658859445252,6.5445362301044625,5.305350264723096,10.326430307637944,,22.548735252418073,6.377602894178562,,-3.1881886358619522
"Apr 30, 2024",7.472929423708907,7.517845498437625,5.315643161433452,10.611528124297294,,23.58532204629511,6.643165629201582,-9.70377452829361,-3.0229201319850354
"May 1, 2024",7.622494136624606,8.69670530411219,5.5609713772406195,10.795302444613391,,24.577231480964382,7.126034556540582,-9.70377452829361,-2.68893661124072
"May 2, 2024",7.6699671367979425,9.561520221720961,5.735270099220122,10.812836629581643,,24.848898649050337,7.528475912701182,-5.630827799756142,-2.696732295385858
"May 3, 2024",7.7649131371446165,9.982097030394678,5.918840934765152,10.826890747304287,,25.099668342668142,7.901325992673504,-2.0454206542047877,-2.5500913736241646
"May 5, 2024",8.127292730122008,12.314417189093598,6.485375580145088,10.867714613070062,,25.571122572695288,9.061607519522655,-1.8966500293857071,-2.290782301006956
"May 6, 2024",8.160403555876288,13.14637541960961,6.666819784138391,10.927812697426893,,25.921515571320736,9.759202886894554,-1.5003377163358216,-2.3144975927747957
"May 7, 2024",8.285913395380756,13.706228697120219,6.764389639731602,11.077990983948858,,26.36162358964566,10.337977899110442,-1.2336733888299225,-2.213563998053541
"May 8, 2024",8.37293543742726,14.498770117011297,6.902620690593824,11.170480463437878,,27.149062045682598,10.717049734589015,-1.068937991772002,-2.1803297656453227
"May 9, 2024",8.349800309175873,15.060025130319376,6.91912335143522,11.366970414074462,0,28.373906260414962,11.051355280449423,-1.0829729563775756,-2.233914836664005
"May 10, 2024",8.374279680353181,16.074489361666338,6.89564533910416,11.503496129094433,0.793219083828141,30.588317951471023,11.424205360421743,-1.1868316944588204,-2.2674773084046502
"May 11, 2024",8.401518287010015,16.973730910461043,6.961570917207682,11.63640792812858,1.4035931526641359,33.19221533045933,11.974299597255143,-1.286129069043254,-2.159732747535538
"May 12, 2024",8.429252141060607,17.366777628072395,7.112987083690607,11.7109616764287,1.538341149098849,35.1655854625638,12.48326954769355,-1.1475337935632144,-1.9753443025447575
"May 13, 2024",8.51669868087319,17.26725438645183,7.246794740925237,11.760351861568278,2.1786804239408637,37.106888780398165,12.662182956031916,-0.057367917825282236,-1.7717538566070063
"May 14, 2024",8.535164333697693,17.175132309841924,7.279800062608032,11.880681879022156,2.8806678614576833,38.95469391505177,12.868411388544079,2.0641924193647423,-1.6669634497297359
"May 15, 2024",8.626360603777322,17.08183277516214,7.43011038068406,12.021223056248594,3.7164489894854573,40.45841132354875,13.097857591603967,3.9375093200936835,-1.57677969314546
"May 16, 2024",8.674965597993541,16.98494479684082,7.72503164427749,12.124688132435297,4.611778807155767,41.70559421788499,13.403937612484787,6.612749010973588,-1.4659989184513995
"May 17, 2024",8.745785975301306,17.64796582904542,8.309855321002273,12.250104402017369,6.460841965030414,42.587071309028616,13.66783109603052,6.596257927562039,-1.394606863648561
"May 18, 2024",7.50830423754895,15.91620535541572,7.233864821090741,11.20648577455589,9.358496471931,41.23990480840079,12.309515643921346,4.7517127042745235,-2.6518455666764864
"May 19, 2024",6.471114695758913,14.574351711211026,6.2397071032896445,10.245184122327041,12.784073015854839,40.375181726960086,11.300225500699568,2.0247190814115665,-3.6893280366446386
"May 20, 2024",5.609525729870846,12.881895909342456,5.426228002123229,9.524542505005943,14.634472202022748,39.71186706323828,10.576680860362561,1.078060718765625,-4.427127996107082
"May 21, 2024",4.774538623990491,11.17901119314069,4.758125433832837,8.817687307927057,15.467199551094494,39.059901889960386,10.098060936783929,-0.2105244690836045,-5.044217941069552
"May 22, 2024",3.980374053281545,9.152830132609813,4.146165938508024,8.247090128387711,15.224424124090309,38.47189019458071,9.374061046044027,-2.1992789536933883,-5.650311868395722
"May 23, 2024",3.182672001188594,5.9553586397107265,3.5583649776108226,7.592971334953795,14.625501726339415,37.615093741386545,8.597403858702416,-4.827852387259761,-6.436527129391124
"May 24, 2024",2.383271958031321,5.93152913115369,2.836245967906578,6.93577402049492,15.028600548535046,36.9851069464286,7.961267295721557,-5.133288304488557,-7.259012836619692
"May 25, 2024",1.6771906737840792,5.620792339569936,2.1891545193472433,6.324486823930013,15.300959459175747,36.471137164897286,7.3296832367696645,-5.489425531354988,-8.042766302621894
"May 26, 2024",1.0697343705228752,5.913811190673635,1.630275747553523,5.770620736917624,15.639356339740543,36.22541168925456,6.768662990266747,-2.8871676564240665,-8.606927655230535
"May 27, 2024",0.47013127593416043,5.989673132032859,1.0234201679528534,5.276317339301202,15.839188000175591,36.01337438365962,6.226763260685486,-3.101902614889343,-9.136213578768823
"May 28, 2024",0.02858284958275407,6.018885306052191,0.6510044506145115,4.915059589459144,16.248966963837532,35.90330234141789,5.9517920173359355,-3.301374549346058,-9.505236648249705
"May 29, 2024",-0.34950316073961657,5.511961572254154,0.2779932764416861,4.514048763773036,16.121280831238632,35.33780947628407,5.449043822403783,-4.232945325041008,-9.969449124134371
"May 30, 2024",-0.6641975046606318,5.179301632797927,-0.06907299280007623,4.221187720181177,16.680122380191662,35.71810748147601,5.052672471615137,-4.907500811396391,-9.967315568473596
"May 31, 2024",-0.42838899560291066,4.850342275847027,-0.4214983735521893,3.92832667658932,17.250033877860293,35.709640401303574,4.771479472759333,-9.430092718484925,-10.26519276265096
"Jun 1, 2024",-0.42838899560291066,4.850342275847027,-0.4214983735521893,3.92832667658932,17.250033877860293,35.709640401303574,4.771479472759333,-9.430092718484925,-10.26519276265096
"Jun 2, 2024",-0.5376971703686408,3.746839786644598,-1.1530596273461,3.294017496707321,16.56655997526439,35.896997068949055,4.4729869585934585,-10.053596021087534,-11.177616046964484
"Jun 3, 2024",-0.7410316003212033,3.1522234613566673,-1.587572985994855,2.938515242694536,16.813725209517866,36.162358964566174,4.14277866635912,-10.441311918316506,-11.321795173732975
"Jun 4, 2024",-0.9259711270769436,2.6016216401093804,-1.926898316388333,2.642977224298365,16.972712576416047,36.42249649156625,3.9136359635678275,-10.941482969447637,-11.499044413243473
"Jun 5, 2024",-1.062093410733426,1.774990005623764,-2.24010861132661,2.3190632729764746,17.1511677841589,36.41745227359118,3.635933217800898,-11.390952710941132,-11.714861774314125
"Jun 6, 2024",-1.1455779713959255,1.0940267552115135,-2.514188885713119,2.0338316075769094,17.202891165226617,36.01823845099272,3.406183514472411,-11.503232427785722,-11.888664500834139
"Jun 7, 2024",-1.2033096675828743,0.7109043270462679,-2.668837532154669,1.6984066645964728,17.380773789415223,35.076050593506295,3.1236247644079165,-10.786221173498479,-12.045234662401743
"Jun 8, 2024",-1.1951734603996647,0.20717655086646894,-2.762239189906496,1.345447536647785,17.451965011327612,33.649978111696996,2.6736856162117704,-10.248682029105009,-12.378643764314312
"Jun 9, 2024",-1.2274352906217831,-0.24199566807569148,-2.932454779306684,0.9562154001006542,17.584613534730057,31.792264691735227,2.3053880402684155,-9.889913246375032,-12.71238110555931
"Jun 10, 2024",-1.5225319876754149,-0.07003072044173742,-3.3706259442244093,0.6399308269710566,17.47505921468257,30.051288887767953,2.0428603079313725,-10.765344163647688,-13.165351384308355
"Jun 11, 2024",-1.5480018536402451,0.13703369156093373,-3.437997631783104,0.35108524558566856,17.51514006348043,28.802484637654008,1.9232812021038639,-12.747081165954684,-13.455186714841261
"Jun 12, 2024",-1.854984488144131,0.19775688630745222,-3.808541913355927,0.05809035325359518,17.47620438179108,27.904433687449444,1.8255541156153923,-14.908290278155455,-13.710228676136918
"Jun 13, 2024",-2.024146847927213,-0.26021823344283695,-4.12209246934248,-0.2379830601034383,17.11070521299154,27.059347025983126,1.6842747405831453,-13.656546872395856,-13.942293884162698
"Jun 14, 2024",-2.311248837052995,-0.8163709284481159,-4.527683638887755,-0.6159719024724539,16.559307250243826,26.334600993350637,1.4747078051164075,-8.727467302918395,-14.16812254487237
"Jun 15, 2024",-2.6047890422976647,-1.2519743448707403,-4.884957739577804,-0.936807332769384,13.568703346369151,25.765324964735512,1.3425334381420928,-4.118209489390444,-14.378113657792444
"Jun 16, 2024",-2.7715459147396238,-1.4443485657158974,-5.181154982102268,-1.2196297208450673,9.525500008588754,25.319091824583715,1.2187053285542158,-0.4594696537749669,-14.51515357908065
"Jun 17, 2024",-2.958607930325767,-0.9622635902490773,-5.444772229254284,-1.5003105290773004,6.262728055258131,24.9717613868717,0.9300765731177671,1.7633178656327575,-14.647351970215563
"Jun 18, 2024",-3.0654398681226938,-0.3322113840010361,-5.656329536020035,-1.8570174217520263,4.053128119387488,24.76693010695544,0.7944119530545783,3.919790177279147,-14.823452372062565
"Jun 19, 2024",-3.2021988984282967,0.2855616166611438,-5.89825514134444,-2.1707588688175266,2.3840470587337124,24.687663824490038,0.7778711884160018,5.665915211270076,-15.09679367614102
"Jun 20, 2024",-3.4522988322773953,0.747237318916761,-6.36934656268289,-2.3910738952124984,0.8846415913242139,24.46661898679676,0.8051862125897982,5.6025824334874255,-15.385562228843538
"Jun 21, 2024",-3.6769289001616627,-0.005775151485587633,-6.755712983000558,-2.6527481823341077,-0.015841478334392613,24.26142740559656,0.811104467827454,5.547846071525688,-15.634531762489301
"Jun 22, 2024",-3.983487036899468,-0.954357800351331,-7.18699386169069,-2.9971409909089934,-1.509902832570843,23.761869675422588,0.6771090992415528,5.412408663081903,-15.932737195999092
"Jun 23, 2024",-4.16085635349344,-1.4234907370495031,-7.454694241422019,-3.1704751094882697,-3.112373339746269,23.64585266199596,0.8672520175180356,3.3217252480241397,-16.074372467941274
"Jun 24, 2024",-4.336315430140049,-0.6469851746815116,-7.693812693098145,-3.347824690274015,-3.7294275500485745,23.59270822261575,1.3581637019748762,3.9240006666608185,-16.104570486524544
"Jun 25, 2024",-4.472649962679571,-0.24625694490000857,-7.816221605215522,-3.607892792513037,-4.3638501281632855,23.5305562511372,1.5832091511400987,4.044876799326322,-16.205422021412694
"Jun 26, 2024",-4.654971753211148,0.09313132638408794,-7.997325548160548,-3.8192399533135593,-5.0709908176684015,23.709085537326313,1.9144796943145292,3.331725160305611,-16.423783237309653
"Jun 27, 2024",-4.762652686540237,0.03678154732568434,-8.098298014236523,-3.9980618702416773,-5.957541020840132,23.541185139013244,2.284446521735172,1.9938421592793045,-16.725106944477496
"Jun 28, 2024",-4.938324012069886,0.2580875950306784,-8.150783280933132,-4.154664896293996,-6.9282610064873715,23.34968500660252,2.916182330821363,2.2089279918597207,-16.743816586425826
"Jun 29, 2024",-5.037019742683604,0.3492004218664056,-8.201397111864223,-4.281285804538007,-8.22210897791927,23.079098742368366,4.754331707583561,2.423312076209858,-16.6102231781281
"Jun 30, 2024",-5.065107344872597,0.4368930133562994,-8.355790562519564,-4.321708124083136,-9.224893642604796,23.00325532210034,6.399151413249,3.13014798115806,-16.51815204538237
"Jul 1, 2024",-5.171797783414165,0.19938289983252058,-8.435496713078274,-4.4342749146045035,-10.04941396073222,22.847605167441014,7.3340839906643325,3.5013727949754827,-16.843191044318054
"Jul 2, 2024",-5.282662449988857,0.10311168526209374,-8.362595783485089,-4.51391491503282,-10.663414392078497,22.488564938001158,7.9239367626840345,3.9515442846992572,-17.02495357464942
"Jul 3, 2024",-5.475525935044767,-0.13585623349105666,-8.388625753678221,-4.6335756887856165,-11.555117847238524,22.028099897133984,8.395120929682024,4.3596108806063105,-17.155018410123557
"Jul 4, 2024",-5.71260793740073,-0.5904671873274113,-8.41967457433343,-4.796603454368287,-12.72509690976656,21.607628298783442,8.731399227288318,4.329435706704327,-17.348925795754717
"Jul 5, 2024",-5.932568529858111,-0.43442595835274733,-8.503123596423176,-4.99068412768099,-13.308177829183057,21.633029539300765,9.081790287384404,6.0683678213349,-17.555306276018097
"Jul 6, 2024",-6.21606228797221,-0.6482747716151865,-8.614388959209505,-5.167766010986305,-14.037458416119373,21.52638035925641,9.310781240041397,7.299760528416417,-17.754547550801192
"Jul 7, 2024",-7.111257327008317,-1.5285648524280586,-9.3039279735413,-5.357161978391459,-14.796322486692205,21.389826172645567,9.197575639854442,8.083613301637705,-18.09386496069744
"Jul 8, 2024",-7.262237032477617,-1.8269663689940527,-9.295591577858534,-5.406552163531036,-15.061810394681844,21.385862858522298,9.427477093317227,9.098516679678248,-18.093290541865695
"Jul 9, 2024",-7.647610254451036,-2.123966149762574,-9.497451444748412,-5.395442718093137,-15.315274048032126,21.50944619891153,9.686059322162501,10.367452917079675,-18.215559693194695
"Jul 10, 2024",-7.863750367013693,-2.6963229105866375,-9.380571774665523,-5.2713649359132235,-15.858655841020267,21.352534989758436,9.75723013514867,11.534635661090691,-18.564724283063754
"Jul 11, 2024",-8.33982461167298,-2.8179935778072704,-9.366961332734473,-5.177670817762263,-16.399365577421886,21.185175043371267,9.814439935779342,9.775352847782038,-18.779967225302656
"Jul 12, 2024",-8.245444608347748,-2.3400016708690705,-9.27143304343092,-5.0894644979601456,-16.778797612708303,21.074022097277744,9.96892157249559,7.290286927307656,-18.948846361836267
"Jul 13, 2024",-8.072391019042263,-2.4578596167205773,-9.118911028541095,-4.993494951225519,-16.95286301320187,21.104647706412102,10.213239288716771,4.808729747984667,-19.001610834523884
"Jul 14, 2024",-8.072391019042263,-2.4578596167205773,-9.118911028541095,-4.993494951225519,-16.95286301320187,21.104647706412102,10.213239288716771,4.808729747984667,-19.001610834523884
"Jul 15, 2024",-8.18757141290544,-3.171455276497993,-9.240639418561921,-4.689926008416409,,21.57718284029105,10.227655551475163,-0.6538539135621617,-18.977239064091194
"Jul 16, 2024",-7.817975357904679,-3.5343366397477323,-9.306139670355096,-4.514048763773036,,21.99044841296292,10.256791577260547,-3.5934772501995593,-18.918566283419892
"Jul 17, 2024",-7.136939441856187,-4.026233765796861,-9.392140650306915,-4.312874107228903,,22.157448058066155,10.414004716394173,-6.630643590845694,-18.841676219798902
"Jul 18, 2024",-6.676500864914198,-4.154240278822071,-9.450155159038014,-4.165238946771033,,22.239416600161054,10.447541496074225,-7.492565854685484,-18.833141997155806
"Jul 19, 2024",-6.321054735449455,-1.9047907404697386,-9.471591605079418,-4.081315786655816,,22.186452311422812,10.437070736807602,-7.638529486583451,-18.927756984727846
"Jul 20, 2024",-5.977777541945685,-0.150434285784773,-9.56269650075538,-4.054813736093116,,21.84812940580914,10.500047042541633,-7.770107279760703,-18.88024434135906
"Jul 21, 2024",-5.955208410715739,1.0096422602036554,-9.818572809059111,-3.975039886924584,,21.52133614128134,10.385020440743089,-8.365014341979455,-18.778326028640524
"Jul 22, 2024",-5.99822418434523,0.287916532800898,-9.910188096307488,-3.940105365728298,,21.21111673581449,9.893198255480456,-10.714993728125192,-18.668365852277528
"Jul 23, 2024",-5.960231634281024,-0.3691050701905183,-9.988448137411021,-3.900352289884248,,20.932063391407894,9.693798579011743,-13.115674423908564,-18.73819877025134
"Jul 24, 2024",-6.055743631649139,-0.9453866912475055,-10.101329740176663,-3.8560483568728654,,20.536452581648774,9.565266215260602,-15.628108525363812,-18.85357489559938
"Jul 25, 2024",-6.213586051003406,-2.1393291741028753,-10.288813577776871,-3.8751887267237044,,20.115800832656266,9.22595291496833,-18.76527398882466,-19.003826450017765
"Jul 26, 2024",-6.379069430147124,-1.701763327563789,-10.50054101506676,-3.9897632483483068,,19.78144124116586,8.82335980867343,-18.90264120490171,-19.21283284494056
"Jul 27, 2024",-6.5993837707429055,-1.509893731605722,-10.692193050508351,-4.163231215667798,,19.04696707386717,7.398577797741352,-19.13211287620284,-19.417079769543165
"Jul 28, 2024",-6.866605114490584,-1.242330402584128,-10.830934492942985,-4.296678409662809,,18.487779481202182,5.997772308028493,-19.658073174796712,-19.52556286891024
"Jul 29, 2024",-7.027560517462778,-1.183065013066981,-11.048106107005294,-4.412056023728705,,18.042807395544155,4.810175757005545,-17.8019491057096,-19.486256208852122
"Jul 30, 2024",-7.005911131392671,-1.0631885676671136,-11.237801641419297,-4.525559755431582,,17.764294503063464,4.01394280233938,-16.16213892860589,-19.38655351162747
"Jul 31, 2024",-7.052605885661527,-1.1680944747499724,-11.412525689709145,-4.611356797909818,,17.18907350326343,3.5114981076758256,-14.929518162121386,-19.350611304726726
"Aug 1, 2024",-7.1015646280161455,-0.5275012153049364,-11.650878554026649,-4.682965873925195,,16.668618298621308,3.175371560203831,-13.922860325786615,-19.179516552699237
"Aug 2, 2024",-7.0493514027882425,-0.39893400796073797,-11.496910429681652,-4.651912966195162,,16.172843731928637,2.886591054633083,-14.259699476320383,-18.897805145643893
"Aug 3, 2024",-7.165380792183582,-0.5595729303511124,-11.341411130619411,-4.69420916810331,,15.790744220317029,2.544091001520536,-13.985491355338988,-18.816894150200678
"Aug 4, 2024",-6.651101748577048,-0.24765868069748131,-10.620738230370339,-4.538141537011853,,16.07646313847639,2.5099472213032907,-13.429531319900704,-18.49374252742645
"Aug 5, 2024",-6.771729863771592,-0.16562910182937735,-10.366988553618336,-4.549920226150832,,15.871992159844062,2.1946104422302413,-13.178305453460935,-18.42563286594788
"Aug 6, 2024",-6.9620463622310185,-0.22579160225690678,-10.146159133287059,-4.5491171337095375,,15.588795350672232,1.9351177125791756,-13.041113674441451,-18.103712140670247
"Aug 7, 2024",-7.0939944178543755,-0.3319871062734405,-10.028258680059341,-4.682832025184979,,15.17012525874136,1.7144730173086202,-13.07339409303427,-17.583042499608165
"Aug 8, 2024",-7.322586464888728,-0.2124470774649664,-10.004270276155868,-4.813066849414813,,14.757760439279325,1.42341625972339,-12.91848317120025,-17.216152985788057
"Aug 9, 2024",-7.489060338819967,-0.40067216034960407,-9.949147986335117,-4.899934681814775,,14.570403771633842,1.1657445316839106,-13.225848896062315,-16.940267826883293
"Aug 10, 2024",-7.748994470916597,-0.7505454153987966,-9.98147278592136,-5.198015826275043,,13.843856232581686,0.7625444248518161,-14.158121419987543,-16.795760460782375
"Aug 11, 2024",-7.804108430879382,-1.0385180176315936,-9.793988948321152,-5.3705468524130255,,13.350603774876552,0.549638986430503,-15.273901106130646,-16.842370445986987
"Aug 22, 2024",-8.34753632109011,-2.382221953088949,-8.915349856409838,-6.834316675411451,,5.584309599687258,-0.9608818503804376,6.42011912176209,-16.422880579145477
"Aug 23, 2024",-8.2715512209617,-2.0288163238301253,-8.714851033713064,,,,,,
"Aug 24, 2024",-8.186227169979517,-1.8193409262558011,-8.54080750751977,,,,,,
"Aug 25, 2024",-8.001995139500579,-2.0410394599840873,-8.202843221319396,,,,,,
"Aug 26, 2024",-8.027040507699327,-1.7706165899356492,-8.118543546608958,,,,,,
"Aug 27, 2024",-8.215022268445313,-1.623322192337215,-8.04785431382957,,,,,,
"Aug 28, 2024",-8.511746206935586,-1.685054636857914,-8.105528561512394,,,,,,
"Aug 29, 2024",-8.89959566587781,-2.0885302688024634,-8.104337647843424,,,,,,
"Aug 30, 2024",-9.390385833094554,-2.2555050369974143,-8.06061410313993,,,,,,
"Aug 31, 2024",-9.736988259099286,-2.543814055821605,-8.050151075905434,,,,,,
"Sep 1, 2024",-9.97590975177493,-2.628198550829463,-8.0903869448641,,,,,,
"Sep 2, 2024",-10.152642321719782,-2.276923559982798,-8.214582227484927,,,,,,
"Sep 3, 2024",-10.380243873966613,-1.9882220551353154,-8.337841792222994,,,,,,
"Sep 4, 2024",-10.892329679115063,-1.8630750831369502,-8.445704544526562,,,,,,
"Sep 5, 2024",-11.030998949368028,-2.1657378765272615,-8.553907557878404,,,,,,
"Sep 6, 2024",-11.16570624047091,-1.3004744034632967,-8.680569733099233,,,,,,
"Sep 7, 2024",-11.254497023209415,-0.7208846859242737,-8.818630653437317,,,,,,
"Sep 8, 2024",-11.441346789912519,-1.5313122545911053,-9.026019762361685,,,,,,
"Sep 9, 2024",-11.574214590695716,-2.1576078089019193,-9.239448504892954,,,,,,
"Sep 10, 2024",-11.743093951968078,-2.7481871350931284,-9.421147904672464,,,,,,
"Sep 11, 2024",-11.96241779777634,-3.2942473323566035,-9.61050317803819,,,,,,
"Sep 12, 2024",-12.179265406615798,-4.0038059930372984,-9.793053230438392,,,,,,
"Sep 13, 2024",-12.369369656192184,-4.092339626005676,-9.84647421501776,,,,,,
"Sep 14, 2024",-12.57447282683675,-4.47860194235726,-9.901596504838512,,,,,,
"Sep 15, 2024",-12.840915924679946,-4.858023788017177,-10.067388700611108,,,,,,
"Sep 16, 2024",-13.216525698033513,-4.75872482412421,-10.22739645856301,,,,,,
"Sep 17, 2024",-13.479219065609668,-4.502880006369487,-10.377791841901105,,,,,,
"Sep 18, 2024",-13.718282057540673,-4.314542784621052,-10.461410994514992,,,,,,
"Sep 19, 2024",-13.921191989727156,-4.491778258853504,-10.597770609611693,,,,,,
"Sep 20, 2024",-13.973051466816655,-5.062172589561105,-10.70486777455664,,,,,,
"Sep 21, 2024",-13.961873025643204,-5.679497034768094,-10.77351544104637,,,,,,
"Sep 22, 2024",-14.10323078174801,-6.194494766759574,-11.089362759108788,,,,,,
"Sep 23, 2024",-14.107758757919536,-6.385130835215865,-11.12449471234331,,,,,,
"Sep 24, 2024",-14.049744063221867,-6.465590469990799,-11.040535298681148,,,,,,
"Sep 25, 2024",-13.991446370013477,-6.519753541205145,-10.979033114205219,,,,,,
"Sep 26, 2024",-13.966401001814727,-6.716893663761709,-10.90477114041893,,,,,,
"Sep 27, 2024",-13.971141226869294,-7.15059071949977,-10.815963006818832,,,,,,
"Sep 28, 2024",-13.922465483025395,-7.69076362641386,-10.592666693887551,,,,,,
"Sep 29, 2024",-14.04273985008154,-7.951991109630878,-10.749356906618758,,,,,,
"Sep 30, 2024",-14.124172671541317,-8.409573743357875,-10.793335647108462,,,,,,
"Oct 1, 2024",-13.921899486003955,-8.694182179676737,-10.56918868155649,,,,,,
"Oct 2, 2024",-13.819524774750871,-9.217029632134064,-10.494841642508131,,,,,,
"Oct 3, 2024",-13.436486290490896,-9.622411624763176,-10.283624596790657,,,,,,
"Oct 4, 2024",-13.266970182569416,-9.997852540758272,-10.129316211397384,,,,,,
"Oct 5, 2024",-13.012696020687192,-10.7056730490501,-10.108645352714603,,,,,,
"Oct 6, 2024",-12.888459674480963,-9.946156524547478,-10.130847386114628,,,,,,
"Oct 7, 2024",-12.856268593886524,-9.907580755401028,-10.238710138418195,,,,,,
"Oct 8, 2024",-12.60921089402767,-9.580752036862288,-10.235562723721639,,,,,,
"Oct 9, 2024",-12.688096728890963,-9.500572749246846,-10.215402256611272,,,,,,
"Oct 10, 2024",-12.744837930290393,-9.24708284763188,-10.162066337293972,,,,,,
"Oct 11, 2024",-12.769529550350741,-9.18994809652689,-10.345296911790726,,,,,,
"Oct 12, 2024",-12.883719449426398,-9.190845207437274,-10.458348645080505,,,,,,
"Oct 13, 2024",-13.152568034610718,-9.184957917087889,-10.40195037632872,,,,,,
"Oct 14, 2024",-13.202234273242135,-9.637213954784489,-10.443717420004628,,,,,,
"Oct 15, 2024",-13.33149384301365,-10.27494767320268,-10.559916567990962,,,,,,
"Oct 16, 2024",-13.527965559081245,-11.036426627821765,-10.740935445673921,,,,,,
"Oct 17, 2024",-13.702151142429614,-11.837098115338184,-10.960233691287955,,,,,,
"Oct 18, 2024",-13.878600713863742,-12.260141979015454,-11.281695316646932,,,,,,
"Oct 19, 2024",-14.109385999356178,-12.817303923794915,-11.58478284539899,,,,,,
"Oct 20, 2024",-14.359627432460636,-13.325965809981815,-11.760953003144012,,,,,,
"Oct 21, 2024",-14.621825552643028,-13.499837118300334,-11.941291358730417,,,,,,
"Oct 22, 2024",-14.825867478872393,-13.610181760277387,-12.1753058946824,,,,,,
"Oct 23, 2024",-15.140137325027329,-13.994201299353016,-12.440624447075797,,,,,,
"Oct 24, 2024",-15.320195127473141,-13.939253256092085,-12.75970424509684,,,,,,
"Oct 25, 2024",-15.588265466752983,-14.80249822960769,-13.161042151538659,,,,,,
"Oct 26, 2024",-15.809782551019325,-15.964817552872073,-13.733020973691016,,,,,,
"Oct 27, 2024",-15.871688475239399,-17.121529932946565,-13.850411035346319,,,,,,
"Oct 28, 2024",-16.133886595421792,-17.849535436722004,-14.195520803560491,,,,,,
"Oct 29, 2024",-16.460113128654662,-18.695791372372238,-14.813775128278413,,,,,,
"Oct 30, 2024",-16.708090573673356,-19.415947155681824,-15.357427218161773,,,,,,
"Oct 31, 2024",-16.898619321015822,-20.3679500398934,-15.853783022334737,,,,,,
"Nov 1, 2024",-17.16329367816702,-21.459565809533263,-16.332785513045607,,,,,,
"Nov 2, 2024",-17.548171652746678,-22.843471527662135,-16.61111905053557,,,,,,
"Nov 3, 2024",-17.77018398440678,-24.404444511727764,-16.78839505668749,,,,,,
"Nov 4, 2024",-17.922720181685044,-24.597603704619505,-16.897703918446233,,,,,,
"Nov 5, 2024",-18.311418636159427,-24.968334788335092,-16.877713581860004,,,,,,
"Nov 6, 2024",-18.451785897476714,-25.389528360759694,-16.77852748628748,,,,,,
"Nov 9, 2024",-18.789969117787518,-28.38929903678323,-17.405288337212312,,,,,,
"Nov 10, 2024",-18.712286026594786,-29.5009876630429,-17.628839845929797,,,,,,
"Nov 11, 2024",-18.719431738990476,-30.106257180391623,-17.795397629061014,,,,,,
"Nov 12, 2024",-18.55713209309236,-30.351729153245046,-17.855964095654187,,,,,,
"Nov 13, 2024",-18.4408197051863,-30.923469150318223,-17.886927851047325,,,,,,
"Nov 15, 2024",-18.494943170361566,-31.59989077674666,-18.005083500061247,,,,,,
"Nov 16, 2024",-18.518715045262073,-32.030728291457876,-17.936520898833585,,,,,,
"Nov 17, 2024",-18.561164821870126,-32.51051442021684,-18.010017285261252,,,,,,
"Nov 18, 2024",-18.600077117094173,-32.92206405035484,-18.094231894709623,,,,,,
"Nov 19, 2024",-18.646488872852306,-33.7359679237994,-18.178021177847643,,,,,,
"Nov 20, 2024",-18.577154237725825,-34.69049393244642,-18.174363371578675,,,,,,